{"cameraMode":{"drawMode":0,"name":"Shaded","section":"Shading Mode"},"sceneLighting":true,"audioPlay":false,"sceneViewState":{"showFog":false,"showMaterialUpdate":false,"showSkybox":false,"showFlares":false,"showImageEffects":false,"showParticleSystems":false},"in2DMode":false,"pivot":{"x":9.421052932739258,"y":18.435083389282228,"z":-14.473244667053223},"rotation":{"x":-0.23562173545360566,"y":0.13706952333450318,"z":-0.033588096499443057,"w":-0.9615436792373657},"size":14.36054515838623,"orthographic":false}